{
  "pos_x": {
    "RMSE": 195.92397862636972,
    "MaxErr": 388.51837635040283,
    "R2": -2607.608448088271
  },
  "pos_y": {
    "RMSE": 528.6015347358688,
    "MaxErr": 1011.4699583053593,
    "R2": -238.8970928862441
  },
  "pos_z": {
    "RMSE": 25.760332439697923,
    "MaxErr": 45.507303118705636,
    "R2": -31.324287545117947
  },
  "vel_vx": {
    "RMSE": 7.584710067722958,
    "MaxErr": 29.92877101898156,
    "R2": -216.72772004750962
  },
  "vel_vy": {
    "RMSE": 17.373685298204638,
    "MaxErr": 45.55228187516344,
    "R2": -29.45226357120427
  },
  "vel_vz": {
    "RMSE": 2.1447875648440755,
    "MaxErr": 10.111003637314354,
    "R2": -4.634306084295042
  },
  "speed": {
    "RMSE": 18.599665664815785,
    "MaxErr": 50.502446241298394,
    "R2": -34.052920321419705
  }
}