{
  "vx_north": {
    "RMSE": 6.502501423037829,
    "MaxErr": 25.603201389312687,
    "R2": 0.14276210718058635
  },
  "vy_east": {
    "RMSE": 13.332946785452378,
    "MaxErr": 42.43925511836981,
    "R2": 0.12402667713165239
  },
  "vz_down": {
    "RMSE": 1.9344409284414055,
    "MaxErr": 7.609413862228221,
    "R2": -0.7735627812857657
  },
  "horizontal_speed": {
    "RMSE": 14.737491912057557,
    "MaxErr": 48.54372054340812,
    "R2": 0.11169626488999307
  },
  "rel_dx": {
    "RMSE": 45.49341006621009,
    "MaxErr": 141.5643535312265,
    "R2": 0.9056469618781229
  },
  "rel_dy": {
    "RMSE": 71.41031591826629,
    "MaxErr": 210.75218262709552,
    "R2": 0.9668936325571891
  },
  "rel_dz": {
    "RMSE": 4.751954166341436,
    "MaxErr": 14.832004070281972,
    "R2": 0.9410515044385378
  },
  "roll": {
    "RMSE": 22.494812080870904,
    "MaxErr": 86.38000297546782,
    "R2": -7.0822348668906
  },
  "pitch": {
    "RMSE": 24.31743502009139,
    "MaxErr": 79.12258720396159,
    "R2": -0.5160494397917303
  },
  "yaw": {
    "RMSE": 72.50592727964231,
    "MaxErr": 105.64173650741576,
    "R2": -26.570982097624498
  },
  "speed_binned_rmse": {
    "0-5": {
      "speed_rmse": 7.125899737082229,
      "vx_rmse": 2.5620172206349077,
      "vy_rmse": 6.857734721629087,
      "n_samples": 1305
    },
    "5-15": {
      "speed_rmse": 14.000619453374329,
      "vx_rmse": 4.8118941523221785,
      "vy_rmse": 13.158534762982192,
      "n_samples": 229
    },
    "15-30": {
      "speed_rmse": 16.808455620475534,
      "vx_rmse": 6.809928069274798,
      "vy_rmse": 15.411217488087404,
      "n_samples": 227
    },
    "30-50": {
      "speed_rmse": 19.761148469670847,
      "vx_rmse": 8.697444940743102,
      "vy_rmse": 17.95434031948279,
      "n_samples": 236
    },
    "0-50": {
      "speed_rmse": 11.572538846572924,
      "vx_rmse": 4.599523925876783,
      "vy_rmse": 10.75547027880052,
      "n_samples": 1997
    }
  }
}