{
  "ulg": "/home/hw/github_code/gazebo-px4-sim/results/highspeed/hp_50ms.ulg",
  "speed_analysis": {
    "speed_segments": {
      "0-2": {
        "v_mean": 0.39329247360136643,
        "v_max": 1.998273649695241,
        "az_mean": -10.221043983740168,
        "motor_mean": 0.33504064937386163,
        "motor_std": 0.029051791684891203,
        "n_samples": 5721
      },
      "2-5": {
        "v_mean": 3.1223538549701706,
        "v_max": 4.994760198446281,
        "az_mean": -11.004003845567095,
        "motor_mean": 0.34903574907659063,
        "motor_std": 0.04481078633885914,
        "n_samples": 788
      },
      "5-10": {
        "v_mean": 6.4007729536538065,
        "v_max": 9.99028219701556,
        "az_mean": -11.454421241950719,
        "motor_mean": 0.35831400606444613,
        "motor_std": 0.04616288220282818,
        "n_samples": 743
      },
      "10-15": {
        "v_mean": 12.645201557261311,
        "v_max": 14.990701851017995,
        "az_mean": -12.830787239669277,
        "motor_mean": 0.380113808330069,
        "motor_std": 0.08414007178326759,
        "n_samples": 391
      },
      "15-20": {
        "v_mean": 16.05017377482529,
        "v_max": 19.98653738551852,
        "az_mean": -11.647902023070644,
        "motor_mean": 0.3575142882796787,
        "motor_std": 0.07644829554765643,
        "n_samples": 631
      },
      ">20": {
        "v_mean": 37.05289756175331,
        "v_max": 50.50958819196594,
        "az_mean": -11.36600646208604,
        "motor_mean": 0.354795895839123,
        "motor_std": 0.08397094661784776,
        "n_samples": 2241
      }
    },
    "max_speed": 50.50958819196594
  },
  "kf_results": {
    "0-2m/s": {
      "k_f": 3.12044329751257e-05,
      "rmse": 1.0296369494573456,
      "n_samples": 14303,
      "v_mean": 0.39310861964999844
    },
    "2-5m/s": {
      "k_f": 3.0033967742598075e-05,
      "rmse": 3.010218263824453,
      "n_samples": 1973,
      "v_mean": 3.1203704210881664
    },
    "5-10m/s": {
      "k_f": 3.000989801880233e-05,
      "rmse": 1.6405766873207401,
      "n_samples": 1857,
      "v_mean": 6.398458612342656
    },
    "10-15m/s": {
      "k_f": 2.8024947275149138e-05,
      "rmse": 2.7785910828142995,
      "n_samples": 979,
      "v_mean": 12.644001011819718
    },
    "15-25m/s": {
      "k_f": 2.8309574653360558e-05,
      "rmse": 3.2177168294306306,
      "n_samples": 2147,
      "v_mean": 17.77494224488646
    },
    "25-50m/s": {
      "k_f": 2.8594315466406593e-05,
      "rmse": 3.2797909144782498,
      "n_samples": 3467,
      "v_mean": 33.42613296176831
    },
    "overall": {
      "k_f": 3.0163285530406172e-05,
      "n_samples": 26286
    }
  },
  "drag": {
    "Cd_quadratic": 0.0014722631202160395,
    "Cd_linear": 0.10057713747085037,
    "max_speed": 50.121853611648675,
    "n_points": 154
  }
}