{
  "ulg": "/home/hw/github_code/gazebo-px4-sim/results/highspeed/x500_multispeed.ulg",
  "speed_analysis": {
    "speed_segments": {
      "0-2": {
        "v_mean": 0.2531203947655386,
        "v_max": 1.9993213105538965,
        "az_mean": -9.907209601900204,
        "motor_mean": 0.7162703211630825,
        "motor_std": 0.06579153493102383,
        "n_samples": 5249
      },
      "2-5": {
        "v_mean": 3.1452767423134578,
        "v_max": 4.994401989902846,
        "az_mean": -10.668231273405404,
        "motor_mean": 0.7381740608304138,
        "motor_std": 0.07094486246088534,
        "n_samples": 534
      },
      "5-10": {
        "v_mean": 6.685677166852419,
        "v_max": 9.999061662216981,
        "az_mean": -10.599405939370486,
        "motor_mean": 0.7614533107734219,
        "motor_std": 0.04923560505298589,
        "n_samples": 701
      },
      "10-15": {
        "v_mean": 11.492024210455337,
        "v_max": 12.284918093332504,
        "az_mean": -9.942152408514946,
        "motor_mean": 0.7330283533516838,
        "motor_std": 0.033527111955301434,
        "n_samples": 871
      }
    },
    "max_speed": 12.284918093332504
  },
  "kf_results": {
    "0-2m/s": {
      "k_f": 9.511534185538459e-06,
      "rmse": 1.216636750765088,
      "n_samples": 13119,
      "v_mean": 0.25286661685490414
    },
    "2-5m/s": {
      "k_f": 9.38876932889965e-06,
      "rmse": 0.6392313644867345,
      "n_samples": 1339,
      "v_mean": 3.146354475513307
    },
    "5-10m/s": {
      "k_f": 9.096915809571308e-06,
      "rmse": 0.39063114400880067,
      "n_samples": 1749,
      "v_mean": 6.684763380976921
    },
    "10-15m/s": {
      "k_f": 9.197397689599297e-06,
      "rmse": 0.549928346617764,
      "n_samples": 2179,
      "v_mean": 11.490992872938946
    },
    "overall": {
      "k_f": 9.42104576834388e-06,
      "n_samples": 18386
    }
  },
  "drag": {
    "Cd_quadratic": 0.024344933351696685,
    "Cd_linear": 0.3442629298762495,
    "max_speed": 12.226546728815945,
    "n_points": 718
  }
}