{
  "ulg": "/home/hw/github_code/gazebo-px4-sim/results/highspeed/hp_lowmid.ulg",
  "speed_analysis": {
    "speed_segments": {
      "0-2": {
        "v_mean": 0.28449451336741693,
        "v_max": 1.9989663763912735,
        "az_mean": -10.004990921828165,
        "motor_mean": 0.332247349549915,
        "motor_std": 0.01231642520232597,
        "n_samples": 6185
      },
      "2-5": {
        "v_mean": 3.1938544985589075,
        "v_max": 4.993020427271055,
        "az_mean": -10.684568349857985,
        "motor_mean": 0.3427968689440252,
        "motor_std": 0.017837759689442498,
        "n_samples": 664
      },
      "5-10": {
        "v_mean": 6.887708140254429,
        "v_max": 9.997183496645984,
        "az_mean": -10.785126827964142,
        "motor_mean": 0.3491259638090125,
        "motor_std": 0.02782874350719067,
        "n_samples": 860
      },
      "10-15": {
        "v_mean": 11.621902633224382,
        "v_max": 12.12824682663204,
        "az_mean": -9.969908426938836,
        "motor_mean": 0.3302037421677546,
        "motor_std": 0.011924054798111818,
        "n_samples": 1644
      }
    },
    "max_speed": 12.12824682663204
  },
  "kf_results": {
    "0-2m/s": {
      "k_f": 3.0993136897139125e-05,
      "rmse": 0.8896413054710166,
      "n_samples": 15464,
      "v_mean": 0.2849460086485052
    },
    "2-5m/s": {
      "k_f": 3.045543431633471e-05,
      "rmse": 1.0772028242471323,
      "n_samples": 1661,
      "v_mean": 3.1969553599875145
    },
    "5-10m/s": {
      "k_f": 3.0355238771983237e-05,
      "rmse": 0.8946652859036675,
      "n_samples": 2150,
      "v_mean": 6.892347911630794
    },
    "10-15m/s": {
      "k_f": 3.1394365599311667e-05,
      "rmse": 0.8046543877830896,
      "n_samples": 4108,
      "v_mean": 11.62269416422548
    },
    "overall": {
      "k_f": 3.095687586278284e-05,
      "n_samples": 23383
    }
  },
  "drag": {
    "error": "Not enough high-speed data"
  }
}