{
  "position_x": {
    "rmse": 35.09708248687208,
    "r2": -17.080388027763412
  },
  "position_y": {
    "rmse": 124.20171406985543,
    "r2": -2960.5927144929383
  },
  "position_z": {
    "rmse": 4.58276841777346,
    "r2": -4.275983283526984
  },
  "velocity_vx": {
    "rmse": 7.87733972748554,
    "r2": -84.38099868104716
  },
  "velocity_vy": {
    "rmse": 18.28733143941293,
    "r2": -2228.994379690173
  },
  "velocity_vz": {
    "rmse": 0.6136026012194672,
    "r2": -1.1582645673249599
  },
  "attitude_roll": {
    "rmse": 150.7518566788434,
    "r2": -1509.4873308253982
  },
  "attitude_pitch": {
    "rmse": 7.990363500462446,
    "r2": -12.82413354026517
  },
  "attitude_yaw": {
    "rmse": 129.36725799034417,
    "r2": -8.852881182019885
  }
}