{
  "ulg": "data/flight_logs/x500_sysid.ulg",
  "speed_analysis": {
    "speed_segments": {
      "0-2": {
        "v_mean": 0.07106237055740859,
        "v_max": 1.999074031484616,
        "az_mean": -9.865330008434562,
        "motor_mean": 0.7273187770798755,
        "motor_std": 0.04166617000677289,
        "n_samples": 50468
      },
      "2-5": {
        "v_mean": 3.1643920336726743,
        "v_max": 4.996550123705211,
        "az_mean": -10.9499353864073,
        "motor_mean": 0.7394522671481939,
        "motor_std": 0.10301438390249432,
        "n_samples": 1279
      },
      "5-10": {
        "v_mean": 7.328775418610517,
        "v_max": 9.994634446479315,
        "az_mean": -10.830133938166664,
        "motor_mean": 0.7684118026177655,
        "motor_std": 0.050774440069761805,
        "n_samples": 502
      },
      "10-15": {
        "v_mean": 11.465165308147261,
        "v_max": 12.331789711015919,
        "az_mean": -9.927109428960794,
        "motor_mean": 0.731698076482342,
        "motor_std": 0.01248340230173894,
        "n_samples": 270
      }
    },
    "max_speed": 12.331789711015919
  },
  "kf_results": {
    "0-2m/s": {
      "k_f": 9.273855105824749e-06,
      "rmse": 0.6569142894200871,
      "n_samples": 126180,
      "v_mean": 0.07112801750400748
    },
    "2-5m/s": {
      "k_f": 9.415204266952672e-06,
      "rmse": 1.165581421417196,
      "n_samples": 3192,
      "v_mean": 3.165482581224834
    },
    "5-10m/s": {
      "k_f": 9.11198336864153e-06,
      "rmse": 0.6075532737080208,
      "n_samples": 1255,
      "v_mean": 7.324801357696852
    },
    "10-15m/s": {
      "k_f": 9.260920436973577e-06,
      "rmse": 0.08015523814009327,
      "n_samples": 676,
      "v_mean": 11.462996947746225
    },
    "overall": {
      "k_f": 9.275810289041683e-06,
      "n_samples": 131303
    }
  },
  "drag": {
    "Cd_quadratic": -0.0154290056132038,
    "Cd_linear": -0.03633798221328697,
    "max_speed": 10.121055925625425,
    "n_points": 1472
  }
}