{
  "x500": {
    "truth_kf": 8.54858e-06,
    "omega_max": 1000.0,
    "mass": 2.0,
    "max_speed": 12.284932136535645,
    "kf_results": {
      "0-2": {
        "k_f": 9.754346985874729e-06,
        "rmse_accel": 1.9617372267662059,
        "n_samples": 13480,
        "v_mean": 0.2465599964855607,
        "motor_mean": 0.7015411997934753
      },
      "2-5": {
        "k_f": 9.38876932889965e-06,
        "rmse_accel": 0.6392313644867345,
        "n_samples": 1339,
        "v_mean": 3.146354475513307,
        "motor_mean": 0.7383503220614231
      },
      "5-10": {
        "k_f": 9.096915809571308e-06,
        "rmse_accel": 0.39063114400880067,
        "n_samples": 1749,
        "v_mean": 6.684763380976921,
        "motor_mean": 0.7614565989641608
      },
      "10-15": {
        "k_f": 9.197397689599297e-06,
        "rmse_accel": 0.549928346617764,
        "n_samples": 2179,
        "v_mean": 11.490992872938946,
        "motor_mean": 0.7330517130950428
      },
      "overall": {
        "k_f": 9.590684189009723e-06,
        "n_samples": 18747
      }
    },
    "drag": {
      "Cd_quadratic": -0.02271970783920653,
      "Cd_quadratic_std": 0.0026761129580305117,
      "Cd_linear": 0.5270140111987429,
      "max_speed": 12.28489395358582,
      "n_points": 903
    }
  },
  "hp_50ms": {
    "truth_kf": 2.73e-05,
    "omega_max": 1200.0,
    "mass": 2.0,
    "max_speed": 50.50960159301758,
    "kf_results": {
      "0-2": {
        "k_f": 3.311669655364042e-05,
        "rmse_accel": 2.1235619563930714,
        "n_samples": 17087,
        "v_mean": 0.3972443614381913,
        "motor_mean": 0.31482800118254417
      },
      "2-5": {
        "k_f": 3.154547371221565e-05,
        "rmse_accel": 3.1518378582355724,
        "n_samples": 2577,
        "v_mean": 3.186857324475655,
        "motor_mean": 0.32455707776332027
      },
      "5-10": {
        "k_f": 3.0085054987526953e-05,
        "rmse_accel": 1.664033929862601,
        "n_samples": 1880,
        "v_mean": 6.381674375738186,
        "motor_mean": 0.3569720762583627
      },
      "10-15": {
        "k_f": 2.819394955960285e-05,
        "rmse_accel": 2.892966702868611,
        "n_samples": 998,
        "v_mean": 12.685743858445846,
        "motor_mean": 0.3783621296560707
      },
      "15-25": {
        "k_f": 2.842843987559095e-05,
        "rmse_accel": 3.341065086791785,
        "n_samples": 2157,
        "v_mean": 17.762723055839828,
        "motor_mean": 0.3674949772490452
      },
      "25-40": {
        "k_f": 2.915119141934417e-05,
        "rmse_accel": 3.133251187302134,
        "n_samples": 2954,
        "v_mean": 30.611539203848597,
        "motor_mean": 0.3528826213347099
      },
      "40-60": {
        "k_f": 2.991804994566112e-05,
        "rmse_accel": 3.2504890491738654,
        "n_samples": 2422,
        "v_mean": 49.05582430719939,
        "motor_mean": 0.33525211280963324
      },
      "overall": {
        "k_f": 3.1388454620777335e-05,
        "n_samples": 30075
      }
    },
    "drag": {
      "Cd_quadratic": -0.0008900048685879694,
      "Cd_quadratic_std": 0.00034492738302222226,
      "Cd_linear": 0.30189165569663445,
      "max_speed": 50.50959458441208,
      "n_points": 2223
    }
  }
}