{
  "k_f": 8.133854493353962e-06,
  "k_m": 8.223394392134909e-08,
  "Ixx": 0.0259125121086686,
  "Iyy": 0.051552312890741435,
  "Izz": 0.04851417796296503,
  "tau": 0.07999999992281508,
  "cost": 1.3170759028571157,
  "mass": 2.0,
  "omega_max": 1000.0,
  "arm_length": 0.175,
  "excitation": {
    "omega_std_deg": [
      29.125611471315214,
      19.1534905597135,
      4.403002041332978
    ],
    "alpha_std_deg": [
      420.30343679997134,
      162.08002796384878,
      15.455185108753573
    ]
  },
  "flight_duration_s": 527.272
}