{
  "k_f": 8.361868179816915e-06,
  "k_m": 1.2619149662893932e-07,
  "Ixx": 0.05100132055898114,
  "Iyy": 0.0150000056194931,
  "Izz": 0.04705857540782255,
  "tau": 0.07999999630629134,
  "cost": 1.318875482970523,
  "mass": 2.0,
  "omega_max": 1000.0,
  "arm_length": 0.175,
  "excitation": {
    "omega_std_deg": [
      13.829438279355482,
      7.708115244192454,
      19.709999801384033
    ],
    "alpha_std_deg": [
      153.78608248830741,
      104.54959913696328,
      52.54748217816095
    ]
  },
  "flight_duration_s": 63.128
}