{
  "k_f": 8.960800371842337e-06,
  "k_m": 1.2338120013987642e-07,
  "Ixx": 0.0746721101937779,
  "Iyy": 0.0799999999925956,
  "Izz": 0.06079846190556403,
  "tau": 0.03,
  "cost": 2.6249332964110907,
  "mass": 2.0,
  "omega_max": 1000.0,
  "arm_length": 0.175,
  "excitation": {
    "omega_std_deg": [
      72.75620853387437,
      47.91028066403277,
      11.025726078378637
    ],
    "alpha_std_deg": [
      1052.7624938998563,
      405.9259627922801,
      38.56921367578324
    ]
  },
  "flight_duration_s": 84.04
}