{
  "k_f": 9.201130086862481e-06,
  "k_m": 9.075646014908889e-08,
  "Ixx": 0.07620573945862504,
  "Iyy": 0.07999999999092697,
  "Izz": 0.044719021750082605,
  "tau": 0.03,
  "cost": 2.859092176474146,
  "mass": 2.0,
  "omega_max": 1000.0,
  "arm_length": 0.175,
  "excitation": {
    "omega_std_deg": [
      29.125611471315214,
      19.1534905597135,
      4.403002041332978
    ],
    "alpha_std_deg": [
      420.30343679997134,
      162.08002796384878,
      15.455185108753573
    ]
  },
  "flight_duration_s": 527.272
}