{
  "k_f": 9.26936517044091e-06,
  "k_m": 4.522759786257633e-07,
  "Ixx": 0.03646103135248426,
  "Iyy": 0.09999999910140317,
  "Izz": 0.1595275771875055,
  "tau": 0.021922218635463647,
  "mass": 2.0,
  "cost": 0.5943172507249359,
  "omega_max": 1000.0
}