{
  "ulg": "/home/hw/github_code/gazebo-px4-sim/results/highspeed/hp_highspeed.ulg",
  "speed_analysis": {
    "speed_segments": {
      "0-2": {
        "v_mean": 0.2493064333283298,
        "v_max": 1.999538274168212,
        "az_mean": -10.016905180205061,
        "motor_mean": 0.33241400906571184,
        "motor_std": 0.024294366004469537,
        "n_samples": 6742
      },
      "2-5": {
        "v_mean": 3.0791406333641937,
        "v_max": 4.996986050866993,
        "az_mean": -10.6990053316872,
        "motor_mean": 0.3404081231582182,
        "motor_std": 0.021601646291442442,
        "n_samples": 807
      },
      "5-10": {
        "v_mean": 6.572721268067468,
        "v_max": 9.997941703450442,
        "az_mean": -10.966926694384954,
        "motor_mean": 0.35456364369942234,
        "motor_std": 0.031066006938385758,
        "n_samples": 808
      },
      "10-15": {
        "v_mean": 11.94422464846007,
        "v_max": 12.18246799935701,
        "az_mean": -9.87263603210409,
        "motor_mean": 0.32970367648164567,
        "motor_std": 0.00871599934417795,
        "n_samples": 3238
      }
    },
    "max_speed": 12.18246799935701
  },
  "kf_results": {
    "0-2m/s": {
      "k_f": 3.12631097826316e-05,
      "rmse": 1.4635706393290762,
      "n_samples": 16859,
      "v_mean": 0.24959688080561362
    },
    "2-5m/s": {
      "k_f": 3.17217503238195e-05,
      "rmse": 0.9844098295101948,
      "n_samples": 2015,
      "v_mean": 3.081875934161486
    },
    "5-10m/s": {
      "k_f": 3.000793888174875e-05,
      "rmse": 0.9011574050912073,
      "n_samples": 2019,
      "v_mean": 6.573497162174687
    },
    "10-15m/s": {
      "k_f": 3.1141381036728725e-05,
      "rmse": 1.0439061102348277,
      "n_samples": 8095,
      "v_mean": 11.944227940090519
    },
    "overall": {
      "k_f": 3.1164348047585715e-05,
      "n_samples": 28988
    }
  },
  "drag": {
    "error": "Not enough high-speed data"
  }
}